{"__type__":"cc.JsonAsset","_name":"LanguageData","json":{"zh":{"language":"繁中","download":"立即遊玩","tryAgain":"再試一次","tip":"取得更多金幣建造避難所","btnDescribe0":"招募難民","btnDescribe1":"升級","btnDescribe2":"提升火爐等級","notMoney":"錢不夠","notBed":"床位不足","shelter":"民居","condo":"公寓"},"en":{"language":"英语","download":"PLAY NOW","tryAgain":"TRY AGAIN","tip":"Protect Our City","btnDescribe0":"TRAIN","btnDescribe1":"UPGRADE","btnDescribe2":"EXPAND","notMoney":"Not Enough Money","notBed":"No Spot","shelter":"Shelter","condo":"Townhouse"},"ja":{"language":"日语","download":"今すぐプレイ","tryAgain":"やり直す","tip":"コインをもっと集めてシェルターを作ろう $$$$$","btnDescribe0":"難民を募集する","btnDescribe1":"アップグレード","btnDescribe2":"炉のアップグレード","notMoney":"お金が不足しております","notBed":"ベッドが不足しております","shelter":"シェルター","condo":"タウンハウス"},"ko":{"language":"韩语","download":"지금 플레이","tryAgain":"다시 하기","tip":"코인을 더 모아 대피소를 지으세요 $$$$$","btnDescribe0":"난민 모집하기","btnDescribe1":"업그레이드","btnDescribe2":"용광로 업그레이드","notMoney":"돈 부족","notBed":"침대 부족","shelter":"대피소","condo":"주택"},"ar":{"language":"阿拉伯语","download":"العب الآن","tryAgain":"حاول مجدداً","tip":"احصل على المزيد من العملات لبناء الملاجئ $$$$$","btnDescribe0":"تجنيد اللاجئين","btnDescribe1":"ترقية","btnDescribe2":"ترقية حجرة الأحتراق","notMoney":"المال غير كافي","notBed":"المال غير كافي","shelter":"المأوى","condo":"منزل المدينة"},"ru":{"language":"俄语","download":"СЫГРАЙТЕ СЕЙЧАС","tryAgain":"Ещё раз","tip":"Заработайте больше монет, чтобы строить бараки $$$$$","btnDescribe0":"Завербуйте беженцев","btnDescribe1":"Улучшить","btnDescribe2":"Улучшите топку","notMoney":"Не хватает денег","notBed":"Не хватает кроватей","shelter":"Барак","condo":"Городской дом"},"de":{"language":"德语","download":"JETZT SPIELEN","tryAgain":"VERSUCHE ES ERNEUT","tip":"Erhalte mehr Münzen, um Unterkünfte zu bauen $$$$$","btnDescribe0":"Bilde Geflüchtete aus","btnDescribe1":"Verbessern","btnDescribe2":"Verbessere Ofen","notMoney":"Nicht genug Geld","notBed":"Nicht genügend Betten","shelter":"Unterkunft","condo":"Stadthaus"},"fr":{"language":"法语","download":"JOUE MAINTENANT","tryAgain":"ESSAYE ENCORE","tip":"Obtiens plus de pièces en construisant des abris $$$$$","btnDescribe0":"Recruter des réfugiés","btnDescribe1":"Améliorer","btnDescribe2":"Améliorer la Chaudière","notMoney":"Pas assez d'argent","notBed":"Lits insuffisants","shelter":"Abri","condo":"Maison de ville"}}}